{
  "items": [
    {
      "id": "1",
      "type": "category",
      "maxPoints": 4,
      "label": "General",
      "items": [
        {
          "id": "1A",
          "label": "Fails to create a new HashMap<Character, Integer>",
          "points": 1
        },
        {
          "id": "1B",
          "label": "Fails to loop over each character in the string",
          "points": 1
        },
        {
          "id": "1C",
          "label": "Does not ignore non-alphabetic characters",
          "points": 1
        },
        {
          "id": "1D",
          "label": "Does not return the HashMap",
          "points": 1
        }
      ]
    },
    {
      "id": "2",
      "type": "category",
      "maxPoints": 2,
      "label": "Properly checking if letter already seen",
      "items": [
        {
          "id": "2A",
          "label": "minor error",
          "points": 1
        },
        {
          "id": "2B",
          "label": "2+ minor errors/1+ major error",
          "points": 2
        }
      ]
    },
    {
      "id": "3",
      "type": "category",
      "maxPoints": 2,
      "label": "Adding letter with count=1 if not in map",
      "items": [
        {
          "id": "3A",
          "label": "minor error",
          "points": 1
        },
        {
          "id": "3B",
          "label": "2+ minor errors/1+ major error",
          "points": 2
        }
      ]
    },
    {
      "id": "4",
      "type": "category",
      "maxPoints": 2,
      "label": "Incrementing count if already in map",
      "items": [
        {
          "id": "4A",
          "label": "minor error",
          "points": 1
        },
        {
          "id": "4B",
          "label": "2+ minor errors/1+ major error",
          "points": 2
        }
      ]
    }
  ]
}