{
  "items": [
    {
      "id": "1",
      "type": "category",
      "maxPoints": 2,
      "label": "Instance Variables",
      "items": [
        {
          "id": "1A",
          "label": "Doesn’t create/initialize empty deck (e.g. list) instance variable - minor error",
          "points": 1
        },
        {
          "id": "1B",
          "label": "Doesn’t create/initialize empty deck (e.g. list) instance variable - 2+ minor/1+ major error",
          "points": 2
        }
      ]
    },
    {
      "id": "2",
      "type": "category",
      "maxPoints": 5,
      "label": "Constructor",
      "items": [
        {
          "id": "2A",
          "label": "Doesn’t properly loop over each requested suit",
          "points": 1
        },
        {
          "id": "2B",
          "label": "Doesn’t properly loop over each requested value",
          "points": 1
        },
        {
          "id": "2C",
          "label": "Doesn’t properly create a new card with the correct suit",
          "points": 1
        },
        {
          "id": "2D",
          "label": "Doesn’t properly create a new card with the correct value",
          "points": 1
        },
        {
          "id": "2E",
          "label": "Doesn’t properly add the new card to the deck",
          "points": 1
        }
      ]
    },
    {
      "id": "3",
      "type": "category",
      "maxPoints": 3,
      "label": "getNextCard",
      "items": [
        {
          "id": "3A",
          "label": "Doesn’t return the empty string if there are no cards left",
          "points": 1
        },
        {
          "id": "3B",
          "label": "Doesn’t remove the next card from the deck",
          "points": 1
        },
        {
          "id": "3C",
          "label": "Doesn’t return the next card",
          "points": 1
        }
      ]
    },
    {
      "id": "4",
      "type": "category",
      "maxPoints": 2,
      "label": "getNumRemaining",
      "items": [
        {
          "id": "4A",
          "label": "minor error",
          "points": 1
        },
        {
          "id": "4B",
          "label": "2+ minor/1+ major error",
          "points": 2
        }
      ]
    },
    {
      "id": "5",
      "type": "category",
      "maxPoints": 2,
      "label": "isEmpty",
      "items": [
        {
          "id": "5A",
          "label": "minor error",
          "points": 1
        },
        {
          "id": "5B",
          "label": "2+ minor/1+ major error",
          "points": 2
        }
      ]
    },
    {
      "id": "6",
      "type": "category",
      "maxPoints": 4,
      "label": "shuffle",
      "items": [
        {
          "id": "6A",
          "label": "Doesn't shuffle for 100 iterations",
          "points": 1
        },
        {
          "id": "6B",
          "label": "Doesn't properly generate random indices in the deck",
          "points": 1
        },
        {
          "id": "6C",
          "label": "Doesn’t properly swap the cards at the chosen indices - minor error",
          "points": 1
        },
        {
          "id": "6D",
          "label": "Doesn’t properly swap the cards at the chosen indices - 2+ minor/1+ major error",
          "points": 2
        }
      ]
    }
  ]
}