{
  "items": [
    {
      "id": "1",
      "type": "category",
      "maxPoints": 4,
      "label": "Deductions",
      "items": [
        {
          "id": "1A",
          "label": "minor error",
          "points": 1
        },
        {
          "id": "1B",
          "label": "2 minor errors/1 major error",
          "points": 2
        },
        {
          "id": "1C",
          "label": "3 minor errors/1 major+minor error",
          "points": 3
        },
        {
          "id": "1D",
          "label": "4+ minor errors/2+ major errors",
          "points": 4
        },
        {
          "id": "1E",
          "label": "Perfect",
          "points": 0
        }
      ]
    },
    {
      "id": "20",
      "type": "category",
      "label": "Syntax Errors (per type)",
      "items": [
        {
          "id": "20A",
          "label": "1",
          "points": 1
        },
        {
          "id": "20B",
          "label": "2",
          "points": 2
        },
        {
          "id": "20C",
          "label": "3",
          "points": 3
        },
        {
          "id": "20D",
          "label": "4",
          "points": 4
        },
        {
          "id": "20E",
          "label": "5",
          "points": 5
        }
      ]
    }
  ]
}