{
  "items": [
    {
      "id": "1",
      "type": "category",
      "maxPoints": 4,
      "label": "Looping over pixels",
      "items": [
        {
          "id": "1A",
          "label": "Outer loop - minor error",
          "points": 1
        },
        {
          "id": "1B",
          "label": "Outer loop - 2+ minor/1+ major error",
          "points": 2
        },
        {
          "id": "1C",
          "label": "Inner loop - minor error",
          "points": 1
        },
        {
          "id": "1D",
          "label": "Inner loop - 2+ minor/1+ major error",
          "points": 2
        },
        {
          "id": "1E",
          "label": "Perfect",
          "points": 0
        }
      ]
    },
    {
      "id": "2",
      "type": "category",
      "maxPoints": 4,
      "label": "Calculates \"Mirrored Index\"",
      "items": [
        {
          "id": "2A",
          "label": "minor error",
          "points": 1
        },
        {
          "id": "2B",
          "label": "2 minor errors/1 major error",
          "points": 2
        },
        {
          "id": "2C",
          "label": "3 minor errors/1 major+minor error",
          "points": 3
        },
        {
          "id": "2D",
          "label": "4+ minor errors/2+ major errors",
          "points": 4
        },
        {
          "id": "2E",
          "label": "Perfect",
          "points": 0
        }
      ]
    },
    {
      "id": "3",
      "type": "category",
      "maxPoints": 2,
      "label": "Correctly sets mirrored pixel",
      "items": [
        {
          "id": "3A",
          "label": "minor error",
          "points": 1
        },
        {
          "id": "3B",
          "label": "2+ minor/1+ major error",
          "points": 2
        },
        {
          "id": "3C",
          "label": "Perfect",
          "points": 0
        }
      ]
    },
    {
      "id": "4",
      "type": "category",
      "maxPoints": 2,
      "label": "Returns mirrored image",
      "items": [
        {
          "id": "4A",
          "label": "minor error",
          "points": 1
        },
        {
          "id": "4B",
          "label": "2+ minor errors/1+ major error",
          "points": 2
        },
        {
          "id": "4C",
          "label": "Perfect",
          "points": 0
        }
      ]
    },
    {
      "id": "20",
      "type": "category",
      "label": "Syntax Errors (per type)",
      "items": [
        {
          "id": "20A",
          "label": "1",
          "points": 1
        },
        {
          "id": "20B",
          "label": "2",
          "points": 2
        },
        {
          "id": "20C",
          "label": "3",
          "points": 3
        },
        {
          "id": "20D",
          "label": "4",
          "points": 4
        },
        {
          "id": "20E",
          "label": "5",
          "points": 5
        }
      ]
    }
  ]
}