{
  "items": [
    {
      "id": "1",
      "type": "category",
      "maxPoints": 5,
      "label": "Interactors",
      "items": [
        {
          "id": "1A",
          "label": "Doesn’t create \"Undo\" button",
          "points": 1
        },
        {
          "id": "1B",
          "label": "Doesn’t add \"Undo\" button",
          "points": 1
        },
        {
          "id": "1C",
          "label": "Doesn’t create \"Random\" button",
          "points": 1
        },
        {
          "id": "1D",
          "label": "Doesn’t add \"Random\" button",
          "points": 1
        },
        {
          "id": "1E",
          "label": "Doesn't add action listeners",
          "points": 1
        }
      ]
    },
    {
      "id": "2",
      "type": "category",
      "maxPoints": 2,
      "label": "Instance Variables",
      "items": [
        {
          "id": "2A",
          "label": "Doesn’t create/initialize empty circles (e.g. list) instance variable - minor error",
          "points": 1
        },
        {
          "id": "2B",
          "label": "Doesn’t create/initialize empty circles (e.g. list) instance variable - 2+ minor/1+ major error",
          "points": 2
        }
      ]
    },
    {
      "id": "3",
      "type": "category",
      "maxPoints": 2,
      "label": "actionPerformed",
      "items": [
        {
          "id": "3A",
          "label": "Incorrect method signature",
          "points": 1
        },
        {
          "id": "3B",
          "label": "Fails to detect which button is clicked",
          "points": 1
        }
      ]
    },
    {
      "id": "4",
      "type": "category",
      "maxPoints": 5,
      "label": "Adding random circles",
      "items": [
        {
          "id": "4A",
          "label": "Incorrectly sets random coordinates",
          "points": 1
        },
        {
          "id": "4B",
          "label": "Incorrectly creates new 50x50 circle",
          "points": 1
        },
        {
          "id": "4C",
          "label": "Incorrectly sets random color",
          "points": 1
        },
        {
          "id": "4D",
          "label": "Doesn’t add to canvas",
          "points": 1
        },
        {
          "id": "4E",
          "label": "Doesn’t record circle in data structure",
          "points": 1
        }
      ]
    },
    {
      "id": "5",
      "type": "category",
      "maxPoints": 4,
      "label": "Undo",
      "items": [
        {
          "id": "5A",
          "label": "Does something/crashes if nothing onscreen",
          "points": 1
        },
        {
          "id": "5B",
          "label": "Removes most recent circle from data structure and canvas - minor error",
          "points": 1
        },
        {
          "id": "5C",
          "label": "Removes most recent circle from data structure and canvas - 2 minor/1 major error",
          "points": 2
        },
        {
          "id": "5D",
          "label": "Removes most recent circle from data structure and canvas - 3+ minor/2+ major errors",
          "points": 3
        }
      ]
    }
  ]
}