{
  "items": [
    {
      "id": "1",
      "type": "category",
      "maxPoints": 3,
      "label": "Initialization",
      "items": [
        {
          "id": "1A",
          "label": "Creates a new GeneralCardDeck - minor error",
          "points": 1
        },
        {
          "id": "1B",
          "label": "Creates a new GeneralCardDeck - 2+ minor/1+ major error",
          "points": 2
        },
        {
          "id": "1C",
          "label": "Doesn't shuffle the deck",
          "points": 1
        }
      ]
    },
    {
      "id": "2",
      "type": "category",
      "maxPoints": 7,
      "label": "Gameplay",
      "items": [
        {
          "id": "2A",
          "label": "Doesn't loop the program until the deck is empty",
          "points": 1
        },
        {
          "id": "2B",
          "label": "Draws and prints the top 3 cards - minor error",
          "points": 1
        },
        {
          "id": "2C",
          "label": "Draws and prints the top 3 cards - 2+ minor/1 major error",
          "points": 2
        },
        {
          "id": "2D",
          "label": "Doesn’t properly ask the user whether or not the 3 cards are a set",
          "points": 1
        },
        {
          "id": "2E",
          "label": "Validating user answer - minor error",
          "points": 1
        },
        {
          "id": "2F",
          "label": "Validating user answer - 2 minor/1 major error",
          "points": 2
        },
        {
          "id": "2G",
          "label": "Validating user answer - 3+ minor/2+ major error",
          "points": 3
        }
      ]
    },
    {
      "id": "3",
      "type": "category",
      "maxPoints": 4,
      "label": "Set Validation - Suits",
      "items": [
        {
          "id": "3A",
          "label": "minor error",
          "points": 1
        },
        {
          "id": "3B",
          "label": "2 minor/1 major error",
          "points": 2
        },
        {
          "id": "3C",
          "label": "3 minor/1 major+minor error",
          "points": 3
        },
        {
          "id": "3D",
          "label": "4+ minor/2+ major errors",
          "points": 4
        }
      ]
    },
    {
      "id": "4",
      "type": "category",
      "maxPoints": 4,
      "label": "Set Validation - Values",
      "items": [
        {
          "id": "4A",
          "label": "minor error",
          "points": 1
        },
        {
          "id": "4B",
          "label": "2 minor/1 major error",
          "points": 2
        },
        {
          "id": "4C",
          "label": "3 minor/1 major+minor error",
          "points": 3
        },
        {
          "id": "4D",
          "label": "4+ minor/2+ major errors",
          "points": 4
        }
      ]
    }
  ]
}