{
  "items": [
    {
      "id": "1",
      "type": "category",
      "maxPoints": 2,
      "label": "Instance Variables",
      "items": [
        {
          "id": "1A",
          "label": "Doesn’t create/initialize empty codes (e.g. map) instance variable - minor error",
          "points": 1
        },
        {
          "id": "1B",
          "label": "Doesn’t create/initialize empty codes (e.g. map) instance variable - 2+ minor/1+ major error",
          "points": 2
        }
      ]
    },
    {
      "id": "2",
      "type": "category",
      "maxPoints": 5,
      "label": "Reads codes file",
      "items": [
        {
          "id": "2A",
          "label": "Doesn’t create Scanner",
          "points": 1
        },
        {
          "id": "2B",
          "label": "Doesn’t loop over each line in the file",
          "points": 1
        },
        {
          "id": "2C",
          "label": "Doesn’t update the codes data structure on each line",
          "points": 1
        },
        {
          "id": "2D",
          "label": "Doesn’t close the scanner",
          "points": 1
        },
        {
          "id": "2E",
          "label": "Doesn’t print an error message if an error occurs while reading",
          "points": 1
        }
      ]
    },
    {
      "id": "3",
      "type": "category",
      "maxPoints": 8,
      "label": "Handles valid \"check\" requests",
      "items": [
        {
          "id": "3A",
          "label": "Doesn’t properly detect \"check\" request",
          "points": 1
        },
        {
          "id": "3B",
          "label": "Doesn’t properly get the code parameter from the request",
          "points": 1
        },
        {
          "id": "3C",
          "label": "Doesn’t properly check if this code has already been checked - minor error",
          "points": 1
        },
        {
          "id": "3D",
          "label": "Doesn’t properly check if this code has already been checked - 2+ minor/1+ major error",
          "points": 2
        },
        {
          "id": "3E",
          "label": "On first time check, fails to update data structure to record check - minor error",
          "points": 1
        },
        {
          "id": "3F",
          "label": "On first time check, fails to update data structure to record check - 2+ minor/1+ major error",
          "points": 2
        },
        {
          "id": "3G",
          "label": "On first time check, doesn’t return \"success\"",
          "points": 1
        },
        {
          "id": "3H",
          "label": "On subsequent checks, doesn’t return \"already checked\"",
          "points": 1
        }
      ]
    },
    {
      "id": "4",
      "type": "category",
      "maxPoints": 3,
      "label": "Invalid Requests",
      "items": [
        {
          "id": "4A",
          "label": "Doesn’t return “unknown command” for commands other than “check”",
          "points": 1
        },
        {
          "id": "4B",
          "label": "Doesn’t return “missing parameter” if request doesn’t have “code”",
          "points": 1
        },
        {
          "id": "4C",
          "label": "Doesn’t return “invalid code” if request’s code is not in codes file",
          "points": 1
        }
      ]
    }
  ]
}