{
  "items": [
    {
      "id": "1",
      "type": "category",
      "maxPoints": 6,
      "label": "General",
      "items": [
        {
          "id": "1A",
          "label": "Fails to call getCharacterCount for the string to get character frequencies",
          "points": 1
        },
        {
          "id": "1B",
          "label": "Fails to loop over each character in the string",
          "points": 1
        },
        {
          "id": "1C",
          "label": "Does not ignore non-alphabetic characters",
          "points": 1
        },
        {
          "id": "1D",
          "label": "Does not convert the character to uppercase",
          "points": 1
        },
        {
          "id": "1E",
          "label": "Does not get the character count from the map",
          "points": 1
        },
        {
          "id": "1F",
          "label": "Doesn’t return null if no non-repeating character was found",
          "points": 1
        }
      ]
    },
    {
      "id": "2",
      "type": "category",
      "maxPoints": 2,
      "label": "Returning character if frequency is 1",
      "items": [
        {
          "id": "2A",
          "label": "minor error",
          "points": 1
        },
        {
          "id": "2B",
          "label": "2+ minor errors/1+ major error",
          "points": 2
        }
      ]
    }
  ]
}